year_month,Predicted_Rate
2024-12,4.524335839598999
2025-01,4.524335839598999
2025-02,4.524335839598999
